flight_number,% Inflight Satisfaction,delay
1732,40.38461538,-16.26923077
220,40.29850746,-19.31343284
385,31.74603175,-5.53968254
364,31.66666667,6.916666667
1686,28.84615385,-8.923076923
219,28.07017544,-16.71929825
1142,27.27272727,-18.05454545
253,23.88059701,-7.805970149
363,19.54022989,0.287356322
384,17.91044776,-4.746268657
